Season,Round,RaceName,Status,Laps,Message,Timestamp
2021,1,Bahrain Grand Prix,OK,1027,,2026-09-28T16:36:07
2021,2,Emilia Romagna Grand Prix,OK,1127,,2026-09-28T16:36:10
2021,3,Portuguese Grand Prix,OK,1245,,2026-09-28T16:36:13
2021,4,Spanish Grand Prix,OK,1247,,2026-09-28T16:36:15
2021,5,Monaco Grand Prix,OK,1419,,2026-09-28T16:36:18
2021,6,Azerbaijan Grand Prix,OK,943,,2026-09-28T16:36:20
2021,7,French Grand Prix,OK,1051,,2026-09-28T16:36:23
2021,8,Styrian Grand Prix,OK,1296,,2026-09-28T16:36:25
2021,9,Austrian Grand Prix,OK,1338,,2026-09-28T16:36:28
2021,10,British Grand Prix,OK,970,,2026-09-28T16:36:30
2021,11,Hungarian Grand Prix,OK,985,,2026-09-28T16:36:32
2021,12,Belgian Grand Prix,OK,60,,2026-09-28T16:36:33
2021,13,Dutch Grand Prix,OK,1361,,2026-09-28T16:36:35
2021,14,Italian Grand Prix,OK,891,,2026-09-28T16:36:37
2021,15,Russian Grand Prix,OK,1025,,2026-09-28T16:36:39
2021,16,Turkish Grand Prix,OK,1147,,2026-09-28T16:36:41
2021,17,United States Grand Prix,OK,1044,,2026-09-28T16:36:44
2021,18,Mexico City Grand Prix,OK,1261,,2026-09-28T16:36:46
2021,19,São Paulo Grand Prix,OK,1360,,2026-09-28T16:36:49
2021,20,Qatar Grand Prix,OK,1114,,2026-09-28T16:36:51
2021,21,Saudi Arabian Grand Prix,OK,845,,2026-09-28T16:36:54
2021,22,Abu Dhabi Grand Prix,OK,1000,,2026-09-28T16:36:55
2022,1,Bahrain Grand Prix,OK,1125,,2026-09-28T16:36:58
2022,2,Saudi Arabian Grand Prix,OK,820,,2026-09-28T16:37:00
2022,3,Australian Grand Prix,OK,1045,,2026-09-28T16:37:02
2022,4,Emilia Romagna Grand Prix,OK,1132,,2026-09-28T16:37:04
2022,5,Miami Grand Prix,OK,1057,,2026-09-28T16:37:05
2022,6,Spanish Grand Prix,OK,1230,,2026-09-28T16:37:08
2022,7,Monaco Grand Prix,OK,1179,,2026-09-28T16:37:10
2022,8,Azerbaijan Grand Prix,OK,891,,2026-09-28T16:37:12
2022,9,Canadian Grand Prix,OK,1264,,2026-09-28T16:37:14
2022,10,British Grand Prix,OK,815,,2026-09-28T16:37:15
2022,11,Austrian Grand Prix,OK,1324,,2026-09-28T16:37:17
2022,12,French Grand Prix,OK,958,,2026-09-28T16:37:19
2022,13,Hungarian Grand Prix,OK,1383,,2026-09-28T16:37:21
2022,14,Belgian Grand Prix,OK,792,,2026-09-28T16:37:23
2022,15,Dutch Grand Prix,OK,1392,,2026-09-28T16:37:26
2022,16,Italian Grand Prix,OK,971,,2026-09-28T16:37:36
2022,17,Singapore Grand Prix,OK,945,,2026-09-28T16:37:47
2022,18,Japanese Grand Prix,OK,507,,2026-09-28T16:37:57
2022,19,United States Grand Prix,OK,992,,2026-09-28T16:38:08
2022,20,Mexico City Grand Prix,OK,1379,,2026-09-28T16:38:20
2022,21,São Paulo Grand Prix,OK,1259,,2026-09-28T16:38:32
2022,22,Abu Dhabi Grand Prix,OK,1117,,2026-09-28T16:38:43
2023,1,Bahrain Grand Prix,OK,1056,,2026-09-28T16:38:45
2023,2,Saudi Arabian Grand Prix,OK,943,,2026-09-28T16:38:47
2023,3,Australian Grand Prix,OK,1003,,2026-09-28T16:38:50
2023,4,Azerbaijan Grand Prix,OK,962,,2026-09-28T16:38:59
2023,5,Miami Grand Prix,OK,1138,,2026-09-28T16:39:11
2023,6,Monaco Grand Prix,OK,1515,,2026-09-28T16:39:21
2023,7,Spanish Grand Prix,OK,1312,,2026-09-28T16:39:31
2023,8,Canadian Grand Prix,OK,1317,,2026-09-28T16:39:40
2023,9,Austrian Grand Prix,OK,1354,,2026-09-28T16:39:50
2023,10,British Grand Prix,OK,971,,2026-09-28T16:40:05
2023,11,Hungarian Grand Prix,OK,1252,,2026-09-28T16:40:14
2023,12,Belgian Grand Prix,OK,816,,2026-09-28T16:40:23
2023,13,Dutch Grand Prix,OK,1343,,2026-09-28T16:40:35
2023,14,Italian Grand Prix,OK,957,,2026-09-28T16:40:46
2023,15,Singapore Grand Prix,OK,1088,,2026-09-28T16:40:55
2023,16,Japanese Grand Prix,OK,880,,2026-09-28T16:41:04
2023,17,Qatar Grand Prix,OK,1006,,2026-09-28T16:41:13
2023,18,United States Grand Prix,OK,1014,,2026-09-28T16:41:24
2023,19,Mexico City Grand Prix,OK,1282,,2026-09-28T16:41:34
2023,20,São Paulo Grand Prix,OK,1108,,2026-09-28T16:41:44
2023,21,Las Vegas Grand Prix,OK,946,,2026-09-28T16:41:53
2023,22,Abu Dhabi Grand Prix,OK,1157,,2026-09-28T16:42:03
2024,1,Bahrain Grand Prix,OK,1129,,2026-09-28T16:42:13
2024,2,Saudi Arabian Grand Prix,OK,901,,2026-09-28T16:42:24
2024,3,Australian Grand Prix,OK,998,,2026-09-28T16:42:33
2024,4,Japanese Grand Prix,OK,907,,2026-09-28T16:42:42
2024,5,Chinese Grand Prix,OK,1032,,2026-09-28T16:42:51
2024,6,Miami Grand Prix,OK,1111,,2026-09-28T16:43:00
2024,7,Emilia Romagna Grand Prix,OK,1238,,2026-09-28T16:43:10
2024,8,Monaco Grand Prix,OK,1237,,2026-09-28T16:43:21
2024,9,Canadian Grand Prix,OK,1272,,2026-09-28T16:43:31
2024,10,Spanish Grand Prix,OK,1310,,2026-09-28T16:43:40
2024,11,Austrian Grand Prix,OK,1405,,2026-09-28T17:07:45
2024,12,British Grand Prix,OK,960,,2026-09-28T17:07:56
2024,13,Hungarian Grand Prix,OK,1355,,2026-09-28T17:08:07
2024,14,Belgian Grand Prix,OK,841,,2026-09-28T17:08:15
2024,15,Dutch Grand Prix,OK,1426,,2026-09-28T17:08:26
2024,16,Italian Grand Prix,OK,1008,,2026-09-28T17:08:35
2024,17,Azerbaijan Grand Prix,OK,973,,2026-09-28T17:08:44
2024,18,Singapore Grand Prix,OK,1177,,2026-09-28T17:08:53
2024,19,United States Grand Prix,OK,1059,,2026-09-28T17:09:03
2024,20,Mexico City Grand Prix,OK,1215,,2026-09-28T17:09:13
2024,21,São Paulo Grand Prix,OK,1134,,2026-09-28T17:09:22
2024,22,Las Vegas Grand Prix,OK,938,,2026-09-28T17:09:31
2024,23,Qatar Grand Prix,OK,943,,2026-09-28T17:09:40
2024,24,Abu Dhabi Grand Prix,OK,1035,,2026-09-28T17:09:49
2025,1,Australian Grand Prix,OK,927,,2026-09-28T17:09:59
2025,2,Chinese Grand Prix,OK,1065,,2026-09-28T17:10:09
2025,3,Japanese Grand Prix,OK,1059,,2026-09-28T17:10:18
2025,4,Bahrain Grand Prix,OK,1128,,2026-09-28T17:10:29
2025,5,Saudi Arabian Grand Prix,OK,898,,2026-09-28T17:10:43
2025,6,Miami Grand Prix,OK,1005,,2026-09-28T17:10:52
2025,7,Emilia Romagna Grand Prix,OK,1207,,2026-09-28T17:11:01
2025,8,Monaco Grand Prix,OK,1425,,2026-09-28T17:11:13
2025,9,Spanish Grand Prix,OK,1203,,2026-09-28T17:11:22
2025,10,Canadian Grand Prix,OK,1349,,2026-09-28T17:11:32
2025,11,Austrian Grand Prix,OK,1126,,2026-09-28T17:11:41
2025,12,British Grand Prix,OK,825,,2026-09-28T17:11:49
2025,13,Belgian Grand Prix,OK,879,,2026-09-28T17:11:59
2025,14,Hungarian Grand Prix,OK,1368,,2026-09-28T17:12:15
2025,15,Dutch Grand Prix,OK,1364,,2026-09-28T17:12:27
2025,16,Italian Grand Prix,OK,974,,2026-09-28T17:12:37
2025,17,Azerbaijan Grand Prix,OK,968,,2026-09-28T17:12:48
2025,18,Singapore Grand Prix,OK,1229,,2026-09-28T17:12:59
2025,19,United States Grand Prix,OK,1067,,2026-09-28T17:13:10
2025,20,Mexico City Grand Prix,OK,1263,,2026-09-28T17:13:20
2025,21,São Paulo Grand Prix,OK,1251,,2026-09-28T17:13:31
2025,22,Las Vegas Grand Prix,OK,886,,2026-09-28T17:13:39
2025,23,Qatar Grand Prix,OK,1067,,2026-09-28T17:13:50
2025,24,Abu Dhabi Grand Prix,OK,1156,,2026-09-28T17:14:02
